기간,자치구,종류별,합계,합계,직장(근로자),직장(근로자),공무원·교직원,공무원·교직원,지역,지역
기간,자치구,종류별,건수,금액,건수,금액,건수,금액,건수,금액
2015,합계,합계,"247,416,909","7,676,393,974","161,778,985","4,755,441,729","16,358,171","508,385,979","69,279,753","2,412,566,266"
2015,합계,입원,"1,975,168","2,701,181,198","1,201,149","1,594,291,983","138,414","185,085,783","635,605","921,803,432"
2015,합계,외래,"159,215,402","3,239,122,618","103,805,673","2,061,670,451","10,683,026","213,564,885","44,726,703","963,887,282"
2015,합계,약국,"86,226,339","1,736,090,158","56,772,163","1,099,479,296","5,536,731","109,735,311","23,917,445","526,875,552"
2015,종로구,소계,"3,607,738","128,998,692","2,117,131","71,819,376","263,925","9,401,163","1,226,682","47,778,153"
2015,종로구,입원,"50,054","52,471,512","29,806","28,203,375","4,231","4,146,956","16,017","20,121,181"
2015,종로구,외래,"2,350,544","49,106,677","1,373,672","27,990,908","172,031","3,468,494","804,841","17,647,276"
2015,종로구,약국,"1,207,140","27,420,503","713,653","15,625,094","87,663","1,785,713","405,824","10,009,696"
2015,중구,소계,"3,217,247","112,384,773","1,921,038","62,371,914","137,586","4,861,011","1,158,623","45,151,848"
2015,중구,입원,"33,874","44,234,913","18,932","23,413,559","2,076","2,144,875","12,866","18,676,479"
2015,중구,외래,"2,091,476","44,122,546","1,247,588","25,214,936","90,590","1,712,731","753,298","17,194,878"
2015,중구,약국,"1,091,897","24,027,314","654,518","13,743,419","44,920","1,003,404","392,459","9,280,491"
2015,용산구,소계,"5,426,258","181,070,503","3,347,716","104,964,312","375,951","12,117,530","1,702,591","63,988,661"
2015,용산구,입원,"45,456","66,509,486","26,015","36,325,210","3,214","4,617,583","16,227","25,566,693"
2015,용산구,외래,"3,533,417","73,776,148","2,174,178","44,283,197","247,793","4,892,468","1,111,446","24,600,483"
2015,용산구,약국,"1,847,385","40,784,869","1,147,523","24,355,905","124,944","2,607,478","574,918","13,821,486"
2015,성동구,소계,"7,533,837","233,389,619","4,907,242","144,649,101","400,008","12,253,170","2,226,587","76,487,348"
2015,성동구,입원,"57,699","83,228,130","35,225","49,226,804","3,412","4,244,926","19,062","29,756,401"
2015,성동구,외래,"4,852,465","96,886,615","3,149,953","61,945,830","261,131","5,193,068","1,441,381","29,747,717"
2015,성동구,약국,"2,623,673","53,274,874","1,722,064","33,476,468","135,465","2,815,176","766,144","16,983,230"
2015,광진구,소계,"8,915,713","266,323,497","5,759,201","163,369,108","489,559","14,848,141","2,666,953","88,106,247"
2015,광진구,입원,"62,535","90,833,421","37,786","52,787,073","3,689","5,317,214","21,060","32,729,135"
2015,광진구,외래,"5,716,519","115,177,278","3,681,872","72,834,343","319,850","6,298,689","1,714,797","36,044,246"
2015,광진구,약국,"3,136,659","60,312,798","2,039,543","37,747,693","166,020","3,232,239","931,096","19,332,867"
2015,동대문구,소계,"9,097,125","292,479,521","5,676,565","172,940,621","495,272","16,303,231","2,925,288","103,235,669"
2015,동대문구,입원,"77,630","108,270,013","44,614","61,303,050","4,457","6,192,173","28,559","40,774,790"
2015,동대문구,외래,"5,839,179","117,103,957","3,634,205","71,163,082","323,369","6,490,650","1,881,605","39,450,225"
2015,동대문구,약국,"3,180,316","67,105,550","1,997,746","40,474,489","167,446","3,620,407","1,015,124","23,010,654"
2015,중랑구,소계,"10,959,498","340,307,347","6,857,832","203,749,814","535,156","17,068,067","3,566,510","119,489,466"
2015,중랑구,입원,"89,387","122,722,343","52,307","70,745,796","4,267","6,060,626","32,813","45,915,922"
2015,중랑구,외래,"6,932,338","139,705,120","4,330,579","85,545,464","342,637","7,101,156","2,259,122","47,058,500"
2015,중랑구,약국,"3,937,773","77,879,884","2,474,946","47,458,554","188,252","3,906,285","1,274,575","26,515,045"
2015,성북구,소계,"11,546,050","356,297,139","7,337,713","215,072,064","741,756","23,321,556","3,466,581","117,903,519"
2015,성북구,입원,"93,741","125,935,976","55,476","72,785,058","6,242","8,724,997","32,023","44,425,922"
2015,성북구,외래,"7,389,943","145,547,091","4,683,803","90,069,161","482,450","9,452,237","2,223,690","46,025,693"
2015,성북구,약국,"4,062,366","84,814,072","2,598,434","52,217,844","253,064","5,144,323","1,210,868","27,451,905"
2015,강북구,소계,"8,771,849","272,481,345","5,461,030","161,445,255","410,199","13,113,536","2,900,620","97,922,553"
2015,강북구,입원,"72,189","95,636,897","41,941","53,804,305","3,571","4,605,040","26,677","37,227,552"
2015,강북구,외래,"5,595,496","112,190,129","3,478,726","68,101,786","266,573","5,399,187","1,850,197","38,689,155"
2015,강북구,약국,"3,104,164","64,654,319","1,940,363","39,539,164","140,055","3,109,310","1,023,746","22,005,846"
2015,도봉구,소계,"9,003,558","283,085,723","5,801,493","175,888,449","613,276","19,359,449","2,588,789","87,837,826"
2015,도봉구,입원,"71,861","98,860,822","43,345","59,223,736","5,255","7,026,363","23,261","32,610,724"
2015,도봉구,외래,"5,745,645","116,906,849","3,692,578","74,265,865","397,245","7,857,115","1,655,822","34,783,870"
2015,도봉구,약국,"3,186,052","67,318,052","2,065,570","42,398,849","210,776","4,475,971","909,706","20,443,232"
2015,노원구,소계,"13,926,544","422,120,439","9,092,098","263,640,681","1,403,034","41,383,213","3,431,412","117,096,544"
2015,노원구,입원,"108,290","144,827,815","66,873","87,335,397","11,455","14,507,028","29,962","42,985,390"
2015,노원구,외래,"8,887,798","178,622,841","5,783,706","113,462,970","902,762","17,806,771","2,201,330","47,353,101"
2015,노원구,약국,"4,930,456","98,669,783","3,241,519","62,842,314","488,817","9,069,415","1,200,120","26,758,053"
2015,은평구,소계,"12,977,125","392,551,536","8,427,081","242,392,337","797,184","25,123,050","3,752,860","125,036,149"
2015,은평구,입원,"97,829","133,369,211","58,871","78,610,407","6,864","9,461,715","32,094","45,297,088"
2015,은평구,외래,"8,285,012","166,505,215","5,368,042","105,338,455","515,879","10,042,154","2,401,091","51,124,606"
2015,은평구,약국,"4,594,284","92,677,110","3,000,168","58,443,475","274,441","5,619,181","1,319,675","28,614,455"
2015,서대문구,소계,"7,888,216","254,634,545","5,100,245","156,173,516","533,918","16,968,002","2,254,053","81,493,027"
2015,서대문구,입원,"60,706","89,166,707","36,398","52,303,740","4,547","6,278,885","19,761","30,584,082"
2015,서대문구,외래,"5,087,950","107,178,092","3,279,440","67,215,241","349,392","7,027,800","1,459,118","32,935,051"
2015,서대문구,약국,"2,739,560","58,289,746","1,784,407","36,654,535","179,979","3,661,317","775,174","17,973,893"
2015,마포구,소계,"9,421,858","292,726,313","6,289,805","184,054,791","577,890","18,354,268","2,554,163","90,317,254"
2015,마포구,입원,"68,972","101,577,457","42,760","61,428,565","4,654","6,449,347","21,558","33,699,545"
2015,마포구,외래,"6,085,911","126,107,837","4,045,109","80,888,682","377,972","8,058,323","1,662,830","37,160,833"
2015,마포구,약국,"3,266,975","65,041,019","2,201,936","41,737,544","195,264","3,846,598","869,775","19,456,877"
2015,양천구,소계,"11,750,843","354,494,094","7,988,267","228,949,615","851,783","25,297,619","2,910,793","100,246,860"
2015,양천구,입원,"89,593","123,576,523","56,342","76,371,669","6,731","9,103,712","26,520","38,101,142"
2015,양천구,외래,"7,567,125","151,744,701","5,135,350","100,427,064","556,080","10,722,480","1,875,695","40,595,158"
2015,양천구,약국,"4,094,125","79,172,870","2,796,575","52,150,882","288,972","5,471,427","1,008,578","21,550,560"
2015,강서구,소계,"14,705,518","447,107,886","10,110,165","289,846,639","839,124","25,860,616","3,756,229","131,400,630"
2015,강서구,입원,"117,743","159,212,706","75,515","98,730,227","7,051","9,509,887","35,177","50,972,592"
2015,강서구,외래,"9,348,142","189,427,189","6,404,251","125,658,615","541,121","10,813,505","2,402,770","52,955,069"
2015,강서구,약국,"5,239,633","98,467,991","3,630,399","65,457,797","290,952","5,537,224","1,318,282","27,472,969"
2015,구로구,소계,"11,198,503","340,040,799","7,523,836","218,677,473","599,302","19,021,236","3,075,365","102,342,090"
2015,구로구,입원,"92,587","122,263,869","58,886","75,595,909","5,504","7,231,886","28,197","39,436,074"
2015,구로구,외래,"7,104,581","139,595,044","4,761,303","92,288,003","387,278","7,636,612","1,956,000","39,670,429"
2015,구로구,약국,"4,001,335","78,181,886","2,703,647","50,793,561","206,520","4,152,738","1,091,168","23,235,587"
2015,금천구,소계,"6,126,923","195,201,541","3,923,107","118,445,920","272,142","9,367,515","1,931,674","67,388,106"
2015,금천구,입원,"53,796","72,837,040","31,368","41,510,950","2,778","3,954,697","19,650","27,371,394"
2015,금천구,외래,"3,874,962","78,437,610","2,479,207","49,530,851","173,561","3,508,777","1,222,194","25,397,982"
2015,금천구,약국,"2,198,165","43,926,891","1,412,532","27,404,119","95,803","1,904,042","689,830","14,618,730"
2015,영등포구,소계,"9,645,411","314,571,104","6,226,262","188,690,072","607,302","19,195,102","2,811,847","106,685,930"
2015,영등포구,입원,"84,118","117,456,965","48,281","65,190,968","5,582","7,368,229","30,255","44,897,768"
2015,영등포구,외래,"6,161,976","127,104,740","3,971,545","80,114,401","392,786","7,814,870","1,797,645","39,175,469"
2015,영등포구,약국,"3,399,317","70,009,399","2,206,436","43,384,704","208,934","4,012,003","983,947","22,612,692"
2015,동작구,소계,"9,860,238","308,425,619","6,570,277","194,644,017","723,191","22,998,341","2,566,770","90,783,260"
2015,동작구,입원,"82,114","110,526,178","50,923","66,268,513","6,453","8,728,800","24,738","35,528,864"
2015,동작구,외래,"6,418,277","129,266,937","4,261,417","83,843,852","477,869","9,470,725","1,678,991","35,952,360"
2015,동작구,약국,"3,359,847","68,632,504","2,257,937","44,531,652","238,869","4,798,816","863,041","19,302,037"
2015,관악구,소계,"12,359,615","384,222,676","7,994,840","237,071,960","756,889","23,662,832","3,607,886","123,487,885"
2015,관악구,입원,"100,566","135,938,637","60,728","80,030,959","6,170","8,732,036","33,668","47,175,642"
2015,관악구,외래,"7,995,302","165,022,058","5,157,929","104,491,192","498,114","9,951,893","2,339,259","50,578,973"
2015,관악구,약국,"4,263,747","83,261,982","2,776,183","52,549,808","252,605","4,978,904","1,234,959","25,733,270"
2015,서초구,소계,"10,101,019","309,241,245","6,965,229","200,280,944","874,434","26,734,221","2,261,356","82,226,081"
2015,서초구,입원,"74,870","105,081,417","47,902","64,388,663","6,711","9,539,021","20,257","31,153,733"
2015,서초구,외래,"6,634,683","136,045,285","4,551,960","90,798,539","578,583","11,582,119","1,504,140","33,664,628"
2015,서초구,약국,"3,391,466","68,114,543","2,365,367","45,093,742","289,140","5,613,081","736,959","17,407,720"
2015,강남구,소계,"12,402,156","379,568,723","8,270,028","240,426,160","1,084,710","32,014,062","3,047,418","107,128,501"
2015,강남구,입원,"90,989","125,471,850","56,306","75,261,090","7,835","10,729,019","26,848","39,481,740"
2015,강남구,외래,"8,192,105","169,707,737","5,440,558","110,858,368","722,496","14,434,729","2,029,051","44,414,640"
2015,강남구,약국,"4,119,062","84,389,137","2,773,164","54,306,702","354,379","6,850,313","991,519","23,232,121"
2015,송파구,소계,"15,676,001","464,501,711","10,694,485","299,808,054","1,156,410","34,794,972","3,825,106","129,898,684"
2015,송파구,입원,"112,807","152,085,738","71,795","93,565,901","9,196","11,628,777","31,816","46,891,060"
2015,송파구,외래,"10,154,814","208,496,465","6,896,614","137,446,328","761,601","15,844,728","2,496,599","55,205,409"
2015,송파구,약국,"5,408,380","103,919,508","3,726,076","68,795,825","385,613","7,321,467","1,296,691","27,802,215"
2015,강동구,소계,"11,298,066","350,167,585","7,416,299","216,069,534","818,170","24,964,077","3,063,597","109,133,975"
2015,강동구,입원,"85,762","119,085,572","52,754","69,881,059","6,469","8,781,992","26,539","40,422,521"
2015,강동구,외래,"7,369,742","155,338,458","4,822,088","97,893,318","543,863","10,983,606","2,003,791","46,461,534"
2015,강동구,약국,"3,842,562","75,743,556","2,541,457","48,295,157","267,838","5,198,479","1,033,267","22,249,919"
2016,합계,합계,"253,846,531","8,521,394,003","168,547,584","5,342,789,372","16,397,980","544,754,446","68,900,967","2,633,850,186"
2016,합계,입원,"2,228,359","3,110,192,971","1,372,029","1,859,111,052","148,245","203,016,003","708,085","1,048,065,916"
2016,합계,외래,"163,025,566","3,541,286,802","107,880,005","2,285,932,232","10,691,899","226,861,912","44,453,662","1,028,492,658"
2016,합계,약국,"88,592,606","1,869,914,230","59,295,550","1,197,746,087","5,557,836","114,876,531","23,739,220","557,291,611"
2016,종로구,소계,"3,638,733","136,772,483","2,165,526","77,314,422","265,948","8,828,554","1,207,259","50,629,508"
2016,종로구,입원,"34,440","53,446,219","18,974","29,275,324","2,336","3,178,313","13,130","20,992,582"
2016,종로구,외래,"2,376,483","53,743,073","1,409,515","31,010,676","174,654","3,757,017","792,314","18,975,380"
2016,종로구,약국,"1,227,810","29,583,191","737,037","17,028,422","88,958","1,893,224","401,815","10,661,546"
2016,중구,소계,"3,315,833","123,643,809","2,029,508","68,546,508","135,824","5,049,891","1,150,501","50,047,411"
2016,중구,입원,"33,445","48,680,015","18,082","25,029,087","1,826","2,164,359","13,537","21,486,569"
2016,중구,외래,"2,162,886","49,011,941","1,321,482","28,503,015","90,243","1,864,197","751,161","18,644,729"
2016,중구,약국,"1,119,502","25,951,854","689,944","15,014,406","43,755","1,021,335","385,803","9,916,113"
2016,용산구,소계,"5,524,484","202,748,460","3,467,972","119,864,156","383,807","13,813,268","1,672,705","69,071,035"
2016,용산구,입원,"53,242","77,996,996","31,246","44,033,280","3,898","5,536,924","18,098","28,426,792"
2016,용산구,외래,"3,588,018","80,650,498","2,241,898","49,140,888","253,381","5,357,535","1,092,739","26,152,075"
2016,용산구,약국,"1,883,224","44,100,966","1,194,828","26,689,989","126,528","2,918,809","561,868","14,492,168"
2016,성동구,소계,"7,873,933","264,603,310","5,235,895","167,206,322","418,382","14,093,404","2,219,656","83,303,584"
2016,성동구,입원,"70,738","98,916,475","44,518","60,150,582","3,860","5,239,127","22,360","33,526,767"
2016,성동구,외래,"5,060,148","107,299,282","3,350,161","69,889,678","273,726","5,756,470","1,436,261","31,653,135"
2016,성동구,약국,"2,743,047","58,387,552","1,841,216","37,166,062","140,796","3,097,807","761,035","18,123,684"
2016,광진구,소계,"9,118,256","293,172,915","5,986,232","182,323,397","490,549","15,881,407","2,641,475","94,968,110"
2016,광진구,입원,"73,568","103,081,294","45,547","61,006,585","4,192","5,738,686","23,829","36,336,023"
2016,광진구,외래,"5,817,351","125,158,188","3,807,108","80,318,326","319,949","6,720,100","1,690,294","38,119,761"
2016,광진구,약국,"3,227,337","64,933,433","2,133,577","40,998,486","166,408","3,422,621","927,352","20,512,326"
2016,동대문구,소계,"9,208,448","324,745,749","5,827,398","195,243,521","502,746","18,400,265","2,878,304","111,101,963"
2016,동대문구,입원,"89,133","126,623,037","52,531","73,748,507","5,041","7,554,618","31,561","45,319,913"
2016,동대문구,외래,"5,884,489","126,631,237","3,711,691","77,849,173","327,648","7,069,519","1,845,150","41,712,545"
2016,동대문구,약국,"3,234,826","71,491,475","2,063,176","43,645,841","170,057","3,776,129","1,001,593","24,069,506"
2016,중랑구,소계,"11,194,455","379,267,060","7,137,060","230,098,046","531,422","19,546,795","3,525,973","129,622,219"
2016,중랑구,입원,"104,699","143,843,345","62,730","83,407,651","5,145","7,894,384","36,824","52,541,310"
2016,중랑구,외래,"7,038,795","151,557,123","4,478,177","94,871,169","339,503","7,521,606","2,221,115","49,164,348"
2016,중랑구,약국,"4,050,961","83,866,592","2,596,153","51,819,226","186,774","4,130,805","1,268,034","27,916,561"
2016,성북구,소계,"11,654,633","394,814,807","7,534,469","240,708,301","750,106","25,600,599","3,370,058","128,505,907"
2016,성북구,입원,"105,862","146,403,628","63,483","85,450,773","7,156","9,932,064","35,223","51,020,790"
2016,성북구,외래,"7,435,249","158,649,818","4,789,607","99,172,305","487,315","10,214,230","2,158,327","49,263,284"
2016,성북구,약국,"4,113,522","89,761,360","2,681,379","56,085,223","255,635","5,454,304","1,176,508","28,221,833"
2016,강북구,소계,"8,972,137","303,643,796","5,667,480","182,616,655","407,722","14,355,281","2,896,935","106,671,860"
2016,강북구,입원,"82,373","111,307,961","47,813","63,770,235","4,160","5,433,865","30,400","42,103,861"
2016,강북구,외래,"5,731,048","123,350,975","3,612,409","76,064,708","264,863","5,719,901","1,853,776","41,566,366"
2016,강북구,약국,"3,158,716","68,984,860","2,007,258","42,781,712","138,699","3,201,515","1,012,759","23,001,633"
2016,도봉구,소계,"9,234,423","308,386,926","6,020,626","194,758,129","613,501","20,013,955","2,600,296","93,614,842"
2016,도봉구,입원,"79,695","109,295,142","48,915","67,282,833","5,319","7,125,290","25,461","34,887,019"
2016,도봉구,외래,"5,871,637","126,459,903","3,817,679","81,164,606","396,325","8,250,432","1,657,633","37,044,865"
2016,도봉구,약국,"3,283,091","72,631,881","2,154,032","46,310,690","211,857","4,638,233","917,202","21,682,959"
2016,노원구,소계,"14,221,380","459,193,439","9,427,080","290,178,046","1,409,349","44,219,706","3,384,951","124,795,687"
2016,노원구,입원,"118,467","160,228,498","74,039","97,050,732","12,297","15,773,542","32,131","47,404,224"
2016,노원구,외래,"9,039,053","193,221,272","5,970,642","124,711,700","902,379","18,938,718","2,166,032","49,570,853"
2016,노원구,약국,"5,063,860","105,743,670","3,382,399","68,415,614","494,673","9,507,446","1,186,788","27,820,610"
2016,은평구,소계,"13,117,152","435,750,822","8,659,138","273,254,140","794,821","26,392,383","3,663,193","136,104,300"
2016,은평구,입원,"108,680","156,913,319","66,458","94,249,246","7,082","9,872,742","35,140","52,791,332"
2016,은평구,외래,"8,359,186","180,204,154","5,503,677","115,750,065","515,561","10,807,768","2,339,948","53,646,321"
2016,은평구,약국,"4,649,286","98,633,350","3,089,003","63,254,830","272,178","5,711,873","1,288,105","29,666,647"
2016,서대문구,소계,"8,175,698","288,317,752","5,393,929","180,024,957","550,145","18,851,128","2,231,624","89,441,667"
2016,서대문구,입원,"70,092","105,617,532","43,054","63,339,453","4,934","7,013,057","22,104","35,265,023"
2016,서대문구,외래,"5,249,968","118,907,528","3,454,234","75,909,390","357,028","7,775,963","1,438,706","35,222,175"
2016,서대문구,약국,"2,855,638","63,792,692","1,896,641","40,776,115","188,183","4,062,108","770,814","18,954,469"
2016,마포구,소계,"9,501,015","318,321,078","6,453,471","203,352,977","578,578","19,326,120","2,468,966","95,641,981"
2016,마포구,입원,"75,641","113,714,926","47,815","69,758,936","4,563","6,739,294","23,263","37,216,696"
2016,마포구,외래,"6,129,492","135,617,248","4,146,221","88,643,435","376,777","8,465,674","1,606,494","38,508,139"
2016,마포구,약국,"3,295,882","68,988,904","2,259,435","44,950,605","197,238","4,121,153","839,209","19,917,146"
2016,양천구,소계,"12,001,185","391,044,051","8,278,612","255,401,225","866,581","27,024,693","2,855,992","108,618,133"
2016,양천구,입원,"97,617","141,922,198","62,266","87,591,388","7,352","9,921,901","27,999","44,408,910"
2016,양천구,외래,"7,707,906","164,577,242","5,301,708","111,029,958","564,390","11,371,110","1,841,808","42,176,174"
2016,양천구,약국,"4,195,662","84,544,611","2,914,638","56,779,880","294,839","5,731,682","986,185","22,033,050"
2016,강서구,소계,"15,474,083","501,949,655","10,810,131","332,130,992","850,900","27,419,725","3,813,052","142,398,938"
2016,강서구,입원,"132,163","183,919,313","86,039","116,799,808","7,532","10,135,683","38,592","56,983,821"
2016,강서구,외래,"9,794,613","210,095,879","6,816,854","142,658,898","545,361","11,436,266","2,432,398","56,000,715"
2016,강서구,약국,"5,547,307","107,934,464","3,907,238","72,672,287","298,007","5,847,775","1,342,062","29,414,402"
2016,구로구,소계,"11,526,002","382,092,258","7,794,892","243,203,785","597,754","20,737,707","3,133,356","118,150,767"
2016,구로구,입원,"105,906","142,470,664","66,100","86,354,520","5,840","8,164,015","33,966","47,952,129"
2016,구로구,외래,"7,323,302","155,333,284","4,940,692","102,149,438","386,731","8,259,344","1,995,879","44,924,503"
2016,구로구,약국,"4,096,794","84,288,310","2,788,100","54,699,827","205,183","4,314,347","1,103,511","25,274,136"
2016,금천구,소계,"6,459,681","222,011,500","4,180,265","135,977,623","276,465","9,742,863","2,002,951","76,291,015"
2016,금천구,입원,"63,827","84,966,609","37,937","49,403,002","2,973","4,042,415","22,917","31,521,192"
2016,금천구,외래,"4,098,448","88,475,739","2,650,050","56,419,431","177,691","3,689,713","1,270,707","28,366,595"
2016,금천구,약국,"2,297,406","48,569,153","1,492,278","30,155,190","95,801","2,010,736","709,327","16,403,227"
2016,영등포구,소계,"9,806,625","345,507,107","6,401,409","210,286,788","598,566","20,267,121","2,806,650","114,953,198"
2016,영등포구,입원,"97,074","131,812,453","56,549","75,199,159","6,205","7,814,543","34,320","48,798,751"
2016,영등포구,외래,"6,261,709","138,864,465","4,078,325","88,378,763","386,933","8,361,837","1,796,451","42,123,865"
2016,영등포구,약국,"3,447,842","74,830,189","2,266,535","46,708,865","205,428","4,090,741","975,879","24,030,583"
2016,동작구,소계,"10,204,277","351,420,885","6,888,453","223,593,847","744,481","25,239,968","2,571,343","102,587,071"
2016,동작구,입원,"93,132","132,724,189","58,411","80,497,563","7,061","9,663,573","27,660","42,563,054"
2016,동작구,외래,"6,636,027","144,130,660","4,461,814","94,403,699","489,921","10,380,054","1,684,292","39,346,907"
2016,동작구,약국,"3,475,118","74,566,036","2,368,228","48,692,585","247,499","5,196,341","859,391","20,677,110"
2016,관악구,소계,"12,718,992","430,984,029","8,302,930","266,610,738","772,141","25,886,668","3,643,921","138,486,623"
2016,관악구,입원,"120,063","159,249,205","72,758","94,122,397","7,156","9,724,325","40,149","55,402,482"
2016,관악구,외래,"8,224,755","181,267,959","5,353,345","115,217,401","508,075","10,878,267","2,363,335","55,172,290"
2016,관악구,약국,"4,374,174","90,466,865","2,876,827","57,270,939","256,910","5,284,075","1,240,437","27,911,851"
2016,서초구,소계,"10,499,746","349,340,972","7,324,660","227,655,175","891,048","29,323,602","2,284,038","92,362,196"
2016,서초구,입원,"86,828","123,183,082","56,902","75,942,006","7,194","10,736,487","22,732","36,504,588"
2016,서초구,외래,"6,893,323","151,659,528","4,780,578","101,973,473","589,441","12,750,748","1,523,304","36,935,307"
2016,서초구,약국,"3,519,595","74,498,363","2,487,180","49,739,695","294,413","5,836,366","738,002","18,922,301"
2016,강남구,소계,"12,797,549","421,889,431","8,699,677","269,180,218","1,049,830","32,490,700","3,048,042","120,218,513"
2016,강남구,입원,"104,018","144,448,371","64,896","86,284,743","8,218","11,203,337","30,904","46,960,292"
2016,강남구,외래,"8,419,172","186,218,310","5,694,722","123,385,676","697,413","14,461,777","2,027,037","48,370,857"
2016,강남구,약국,"4,274,359","91,222,750","2,940,059","59,509,800","344,199","6,825,586","990,101","24,887,364"
2016,송파구,소계,"16,223,630","512,168,538","11,278,700","336,522,828","1,125,145","36,023,563","3,819,785","139,622,147"
2016,송파구,입원,"128,474","173,648,449","83,035","108,817,980","9,710","12,803,401","35,729","52,027,068"
2016,송파구,외래,"10,509,910","226,403,807","7,269,419","152,636,323","740,926","15,667,140","2,499,565","58,100,344"
2016,송파구,약국,"5,585,246","112,116,282","3,926,246","75,068,526","374,509","7,553,021","1,284,491","29,494,735"
2016,강동구,소계,"11,384,181","379,603,172","7,582,071","236,736,578","792,169","26,225,083","3,009,941","116,641,512"
2016,강동구,입원,"99,182","135,780,054","61,931","80,545,265","7,195","9,610,057","30,056","45,624,732"
2016,강동구,외래,"7,412,598","163,797,692","4,917,997","104,680,040","525,665","11,386,524","1,968,936","47,731,128"
2016,강동구,약국,"3,872,401","80,025,427","2,602,143","51,511,273","259,309","5,228,501","1,010,949","23,285,652"
2017,합계,합계,"255,572,946","9,061,668,736","171,050,034","5,725,975,385","16,242,865","572,859,568","68,280,047","2,762,833,784"
2017,합계,입원,"2,207,314","3,212,239,155","1,360,635","1,925,837,451","147,292","210,576,700","699,387","1,075,825,004"
2017,합계,외래,"164,309,026","3,868,731,336","109,614,383","2,523,467,296","10,594,172","243,629,033","44,100,471","1,101,635,007"
2017,합계,약국,"89,056,606","1,980,698,245","60,075,016","1,276,670,638","5,501,401","118,653,834","23,480,189","585,373,773"
2017,종로구,소계,"3,750,507","145,590,890","2,268,724","82,458,414","273,591","9,705,968","1,208,192","53,426,509"
2017,종로구,입원,"35,134","55,233,918","19,420","29,379,039","2,351","3,494,065","13,363","22,360,814"
2017,종로구,외래,"2,454,610","58,933,079","1,479,863","34,802,285","180,485","4,185,027","794,262","19,945,767"
2017,종로구,약국,"1,260,763","31,423,894","769,441","18,277,090","90,755","2,026,876","400,567","11,119,928"
2017,중구,소계,"3,360,052","131,856,730","2,086,439","76,135,480","145,109","5,441,561","1,128,504","50,279,688"
2017,중구,입원,"32,664","49,681,949","18,264","26,977,527","1,686","2,118,182","12,714","20,586,240"
2017,중구,외래,"2,178,752","54,207,328","1,349,533","32,563,983","95,611","2,201,267","733,608","19,442,078"
2017,중구,약국,"1,148,636","27,967,453","718,642","16,593,971","47,812","1,122,112","382,182","10,251,370"
2017,용산구,소계,"5,491,899","213,285,614","3,497,946","127,338,113","368,865","13,749,611","1,625,088","72,197,890"
2017,용산구,입원,"52,787","80,038,889","30,806","44,845,629","3,833","5,167,779","18,148","30,025,481"
2017,용산구,외래,"3,567,436","87,482,806","2,265,542","54,536,969","242,763","5,727,447","1,059,131","27,218,390"
2017,용산구,약국,"1,871,676","45,763,919","1,201,598","27,955,515","122,269","2,854,385","547,809","14,954,019"
2017,성동구,소계,"8,084,736","287,560,208","5,446,544","182,523,077","425,060","15,672,524","2,213,132","89,364,608"
2017,성동구,입원,"73,016","105,622,978","45,678","63,503,202","4,031","5,940,854","23,307","36,178,923"
2017,성동구,외래,"5,189,270","119,121,709","3,482,344","78,751,622","277,202","6,426,108","1,429,724","33,943,979"
2017,성동구,약국,"2,822,450","62,815,521","1,918,522","40,268,253","143,827","3,305,562","760,101","19,241,706"
2017,광진구,소계,"9,252,440","316,416,831","6,140,311","199,216,560","494,531","16,872,850","2,617,598","100,327,421"
2017,광진구,입원,"72,544","108,995,691","44,428","65,368,723","4,240","6,206,049","23,876","37,420,919"
2017,광진구,외래,"5,899,901","138,037,601","3,903,498","89,550,966","321,518","7,141,728","1,674,885","41,344,907"
2017,광진구,약국,"3,279,995","69,383,539","2,192,385","44,296,871","168,773","3,525,074","918,837","21,561,595"
2017,동대문구,소계,"9,228,285","339,479,686","5,910,886","204,787,411","491,424","19,017,480","2,825,975","115,674,795"
2017,동대문구,입원,"89,547","128,386,290","53,166","73,549,593","5,373","7,827,151","31,008","47,009,546"
2017,동대문구,외래,"5,894,370","135,606,468","3,765,131","84,771,942","319,671","7,324,987","1,809,568","43,509,538"
2017,동대문구,약국,"3,244,368","75,486,928","2,092,589","46,465,875","166,380","3,865,342","985,399","25,155,711"
2017,중랑구,소계,"11,272,165","405,537,340","7,268,139","249,177,004","519,954","19,764,970","3,484,072","136,595,366"
2017,중랑구,입원,"107,883","151,192,871","65,086","88,716,001","5,291","7,767,516","37,506","54,709,353"
2017,중랑구,외래,"7,109,448","165,795,573","4,575,028","105,139,426","332,465","7,885,114","2,201,955","52,771,033"
2017,중랑구,약국,"4,054,834","88,548,896","2,628,025","55,321,577","182,198","4,112,340","1,244,611","29,114,979"
2017,성북구,소계,"11,604,030","412,432,540","7,575,687","252,049,680","740,060","26,761,978","3,288,283","133,620,883"
2017,성북구,입원,"100,687","148,832,133","60,121","85,743,268","6,989","10,043,124","33,577","53,045,740"
2017,성북구,외래,"7,413,376","169,594,538","4,826,238","107,296,956","479,221","10,932,985","2,107,917","51,364,597"
2017,성북구,약국,"4,089,967","94,005,870","2,689,328","59,009,456","253,850","5,785,869","1,146,789","29,210,546"
2017,강북구,소계,"8,988,719","323,539,249","5,726,707","196,473,050","402,209","15,187,363","2,859,803","111,878,836"
2017,강북구,입원,"81,965","117,987,531","48,160","68,397,828","3,768","5,805,343","30,037","43,784,360"
2017,강북구,외래,"5,728,992","131,925,835","3,644,910","82,231,241","261,858","6,066,292","1,822,224","43,628,302"
2017,강북구,약국,"3,177,762","73,625,883","2,033,637","45,843,981","136,583","3,315,728","1,007,542","24,466,174"
2017,도봉구,소계,"9,290,637","330,769,276","6,119,738","210,586,332","599,334","20,845,503","2,571,565","99,337,441"
2017,도봉구,입원,"80,393","116,217,870","49,479","71,799,911","5,218","7,396,688","25,696","37,021,271"
2017,도봉구,외래,"5,928,153","137,503,846","3,895,940","89,241,320","388,664","8,634,237","1,643,549","39,628,290"
2017,도봉구,약국,"3,282,091","77,047,560","2,174,319","49,545,101","205,452","4,814,578","902,320","22,687,881"
2017,노원구,소계,"14,162,819","483,764,381","9,448,668","308,321,605","1,374,928","45,248,575","3,339,223","130,194,201"
2017,노원구,입원,"114,113","162,845,819","70,848","99,348,008","11,514","15,516,103","31,751","47,981,708"
2017,노원구,외래,"9,025,925","209,588,225","6,000,920","136,721,979","883,249","20,011,490","2,141,756","52,854,755"
2017,노원구,약국,"5,022,781","111,330,338","3,376,900","72,251,618","480,165","9,720,982","1,165,716","29,357,738"
2017,은평구,소계,"13,207,334","460,946,129","8,800,054","292,899,814","783,664","27,345,247","3,623,616","140,701,069"
2017,은평구,입원,"104,483","159,905,307","65,020","98,035,608","6,672","10,125,258","32,791","51,744,441"
2017,은평구,외래,"8,467,025","197,033,573","5,624,960","127,856,410","511,487","11,403,383","2,330,578","57,773,780"
2017,은평구,약국,"4,635,826","104,007,250","3,110,074","67,007,797","265,505","5,816,606","1,260,247","31,182,847"
2017,서대문구,소계,"8,309,145","308,470,564","5,519,676","193,882,109","556,642","20,424,651","2,232,827","94,163,805"
2017,서대문구,입원,"69,206","109,664,216","42,145","65,535,417","4,924","7,470,165","22,137","36,658,634"
2017,서대문구,외래,"5,350,027","130,837,195","3,542,721","84,646,892","363,170","8,586,552","1,444,136","37,603,751"
2017,서대문구,약국,"2,889,912","67,969,153","1,934,810","43,699,800","188,548","4,367,933","766,554","19,901,420"
2017,마포구,소계,"9,443,319","334,528,403","6,466,792","215,578,139","572,988","20,524,910","2,403,539","98,425,355"
2017,마포구,입원,"73,019","115,907,396","46,030","71,891,690","4,691","7,195,483","22,298","36,820,222"
2017,마포구,외래,"6,105,930","146,759,610","4,163,983","96,591,186","374,340","9,191,616","1,567,607","40,976,808"
2017,마포구,약국,"3,264,370","71,861,398","2,256,779","47,095,263","193,957","4,137,811","813,634","20,628,325"
2017,양천구,소계,"12,092,465","412,125,508","8,401,736","272,130,420","865,367","28,484,775","2,825,362","111,510,313"
2017,양천구,입원,"96,450","144,376,598","62,114","90,733,668","7,260","10,195,869","27,076","43,447,061"
2017,양천구,외래,"7,760,497","178,353,509","5,376,443","121,243,412","563,823","12,350,952","1,820,231","44,759,146"
2017,양천구,약국,"4,235,518","89,395,401","2,963,179","60,153,341","294,284","5,937,955","978,055","23,304,105"
2017,강서구,소계,"15,651,889","541,727,031","11,004,611","359,846,523","827,286","28,997,184","3,819,992","152,883,324"
2017,강서구,입원,"131,553","192,279,460","85,466","121,568,250","7,624","10,637,667","38,463","60,073,543"
2017,강서구,외래,"9,964,106","234,517,319","6,980,675","160,330,741","534,089","12,368,651","2,449,342","61,817,928"
2017,강서구,약국,"5,556,230","114,930,253","3,938,470","77,947,533","285,573","5,990,866","1,332,187","30,991,854"
2017,구로구,소계,"11,519,719","409,209,015","7,785,578","262,080,517","588,271","21,896,262","3,145,870","125,232,235"
2017,구로구,입원,"102,222","149,309,538","63,829","91,346,195","5,787","8,637,914","32,606","49,325,429"
2017,구로구,외래,"7,296,248","169,603,872","4,916,790","111,873,569","379,130","8,769,107","2,000,328","48,961,196"
2017,구로구,약국,"4,121,249","90,295,605","2,804,959","58,860,753","203,354","4,489,241","1,112,936","26,945,611"
2017,금천구,소계,"6,603,373","240,704,564","4,294,068","147,184,740","269,818","10,245,168","2,039,487","83,274,656"
2017,금천구,입원,"64,241","89,116,831","38,224","50,732,871","2,873","4,172,832","23,144","34,211,128"
2017,금천구,외래,"4,182,937","99,194,057","2,718,376","63,601,420","173,783","4,006,774","1,290,778","31,585,864"
2017,금천구,약국,"2,356,195","52,393,676","1,537,468","32,850,449","93,162","2,065,563","725,565","17,477,665"
2017,영등포구,소계,"9,995,428","375,466,463","6,580,787","231,104,600","594,079","21,340,865","2,820,562","123,020,998"
2017,영등포구,입원,"98,258","141,742,253","58,182","81,934,567","6,002","8,225,276","34,074","51,582,411"
2017,영등포구,외래,"6,398,916","154,001,613","4,202,421","99,075,851","385,217","8,909,278","1,811,278","46,016,484"
2017,영등포구,약국,"3,498,254","79,722,598","2,320,184","50,094,183","202,860","4,206,311","975,210","25,422,103"
2017,동작구,소계,"10,276,976","367,334,848","6,970,346","234,302,092","733,797","27,183,822","2,572,833","105,848,935"
2017,동작구,입원,"92,716","131,781,091","57,929","79,329,450","7,074","10,877,683","27,713","41,573,958"
2017,동작구,외래,"6,702,560","156,941,701","4,529,077","103,548,432","483,563","11,066,323","1,689,920","42,326,947"
2017,동작구,약국,"3,481,700","78,612,056","2,383,340","51,424,210","243,160","5,239,816","855,200","21,948,030"
2017,관악구,소계,"12,767,621","455,713,063","8,406,220","283,253,173","749,022","27,072,455","3,612,379","145,387,435"
2017,관악구,입원,"118,584","163,015,841","71,982","95,809,606","7,106","10,132,897","39,496","57,073,338"
2017,관악구,외래,"8,263,544","197,140,442","5,424,604","126,564,586","492,871","11,583,677","2,346,069","58,992,179"
2017,관악구,약국,"4,385,493","95,556,780","2,909,634","60,878,981","249,045","5,355,881","1,226,814","29,321,918"
2017,서초구,소계,"10,478,342","367,311,911","7,352,510","241,132,348","862,740","30,043,560","2,263,092","96,136,003"
2017,서초구,입원,"85,910","124,318,733","55,631","76,587,371","7,341","10,675,660","22,938","37,055,702"
2017,서초구,외래,"6,884,836","165,093,893","4,805,610","112,216,377","570,184","13,404,601","1,509,042","39,472,915"
2017,서초구,약국,"3,507,596","77,899,285","2,491,269","52,328,600","285,215","5,963,299","731,112","19,607,386"
2017,강남구,소계,"12,771,890","440,908,759","8,753,807","282,493,732","1,012,398","33,180,398","3,005,685","125,234,629"
2017,강남구,입원,"99,453","143,809,039","61,836","85,855,202","7,956","10,845,530","29,661","47,108,307"
2017,강남구,외래,"8,393,624","201,676,111","5,723,392","134,268,469","670,777","15,306,292","1,999,455","52,101,350"
2017,강남구,약국,"4,278,813","95,423,609","2,968,579","62,370,061","333,665","7,028,576","976,569","26,024,972"
2017,송파구,소계,"16,676,677","553,415,561","11,622,492","365,110,000","1,225,175","40,501,552","3,829,010","147,804,008"
2017,송파구,입원,"128,872","178,746,726","83,002","112,058,051","10,546","13,873,097","35,324","52,815,577"
2017,송파구,외래,"10,802,815","253,718,299","7,492,290","171,721,485","802,306","18,318,009","2,508,219","63,678,805"
2017,송파구,약국,"5,744,990","120,950,536","4,047,200","81,330,464","412,323","8,310,445","1,285,467","31,309,627"
2017,강동구,소계,"11,292,479","403,574,173","7,601,568","255,910,453","766,553","27,350,338","2,924,358","120,313,383"
2017,강동구,입원,"101,614","143,230,191","63,789","86,790,776","7,142","10,228,516","30,683","46,210,900"
2017,강동구,외래,"7,345,728","176,063,136","4,924,094","114,319,781","506,725","11,827,136","1,914,909","49,916,219"
2017,강동구,약국,"3,845,137","84,280,845","2,613,685","54,799,896","252,686","5,294,686","978,766","24,186,263"
2018,합계,합계,"258,121,318","10,260,169,693","173,436,459","6,492,813,331","16,024,994","631,385,693","68,659,865","3,135,970,669"
2018,합계,입원,"2,364,337","3,781,175,809","1,459,388","2,273,865,690","152,655","239,807,635","752,294","1,267,502,484"
2018,합계,외래,"166,529,303","4,370,838,578","111,550,264","2,857,830,438","10,489,208","269,761,975","44,489,831","1,243,246,165"
2018,합계,약국,"89,227,678","2,108,155,306","60,426,807","1,361,117,202","5,383,131","121,816,083","23,417,740","625,222,021"
2018,종로구,소계,"3,794,870","168,151,514","2,308,947","94,735,069","271,778","10,708,167","1,214,145","62,708,277"
2018,종로구,입원,"38,253","67,030,259","20,925","35,188,109","2,568","3,987,613","14,760","27,854,536"
2018,종로구,외래,"2,484,983","67,305,219","1,508,409","39,754,731","178,719","4,612,434","797,855","22,938,055"
2018,종로구,약국,"1,271,634","33,816,036","779,613","19,792,229","90,491","2,108,120","401,530","11,915,686"
2018,중구,소계,"3,440,049","149,629,300","2,158,225","86,647,598","149,605","6,696,909","1,132,219","56,284,794"
2018,중구,입원,"35,096","58,529,109","19,752","31,895,135","1,791","2,914,949","13,553","23,719,025"
2018,중구,외래,"2,241,109","61,537,849","1,403,463","37,127,478","98,795","2,576,901","738,851","21,833,470"
2018,중구,약국,"1,163,844","29,562,343","735,010","17,624,985","49,019","1,205,059","379,815","10,732,299"
2018,용산구,소계,"5,575,582","243,129,676","3,584,043","144,177,016","369,123","15,437,881","1,622,416","83,514,779"
2018,용산구,입원,"56,543","94,837,464","33,388","52,080,974","3,828","6,169,769","19,327","36,586,721"
2018,용산구,외래,"3,644,067","100,090,815","2,333,900","62,502,137","246,000","6,398,620","1,064,167","31,190,058"
2018,용산구,약국,"1,874,972","48,201,396","1,216,755","29,593,904","119,295","2,869,492","538,922","15,738,000"
2018,성동구,소계,"8,365,466","334,452,253","5,679,976","213,835,353","438,701","17,857,660","2,246,789","102,759,240"
2018,성동구,입원,"79,762","126,785,128","50,464","77,082,542","4,234","7,139,849","25,064","42,562,737"
2018,성동구,외래,"5,384,686","139,939,467","3,644,075","92,854,039","287,201","7,340,481","1,453,410","39,744,947"
2018,성동구,약국,"2,901,018","67,727,658","1,985,437","43,898,772","147,266","3,377,330","768,315","20,451,556"
2018,광진구,소계,"9,380,200","363,029,188","6,241,440","226,983,891","492,796","18,854,703","2,645,964","117,190,594"
2018,광진구,입원,"78,884","131,303,573","47,960","77,259,368","4,631","6,984,500","26,293","47,059,705"
2018,광진구,외래,"6,023,148","157,648,802","3,996,911","102,520,851","321,190","8,250,882","1,705,047","46,877,069"
2018,광진구,약국,"3,278,168","74,076,813","2,196,569","47,203,672","166,975","3,619,321","914,624","23,253,820"
2018,동대문구,소계,"9,355,875","388,265,583","6,048,260","236,643,399","493,904","21,295,603","2,813,711","130,326,580"
2018,동대문구,입원,"93,469","152,852,694","55,477","89,242,499","5,461","8,912,027","32,531","54,698,168"
2018,동대문구,외래,"6,012,252","155,613,140","3,877,032","98,088,561","323,303","8,350,880","1,811,917","49,173,699"
2018,동대문구,약국,"3,250,154","79,799,749","2,115,751","49,312,339","165,140","4,032,696","969,263","26,454,713"
2018,중랑구,소계,"11,342,434","456,566,844","7,348,836","279,537,789","515,423","21,751,912","3,478,175","155,277,143"
2018,중랑구,입원,"110,097","177,215,512","65,908","103,191,213","5,426","8,983,720","38,763","65,040,579"
2018,중랑구,외래,"7,211,627","185,580,413","4,662,522","117,545,993","332,249","8,533,389","2,216,856","59,501,031"
2018,중랑구,약국,"4,020,710","93,770,920","2,620,406","58,800,582","177,748","4,234,804","1,222,556","30,735,534"
2018,성북구,소계,"11,619,772","464,119,503","7,618,571","286,279,586","728,167","29,644,838","3,273,034","148,195,079"
2018,성북구,입원,"110,288","173,928,179","67,065","101,711,732","7,647","11,727,797","35,576","60,488,650"
2018,성북구,외래,"7,445,444","191,282,412","4,868,108","121,952,038","473,050","12,083,322","2,104,286","57,247,052"
2018,성북구,약국,"4,064,040","98,908,911","2,683,398","62,615,816","247,470","5,833,719","1,133,172","30,459,376"
2018,강북구,소계,"8,992,785","363,645,131","5,744,492","220,700,570","393,008","16,527,849","2,855,285","126,416,712"
2018,강북구,입원,"89,632","138,703,476","52,173","80,848,964","4,238","6,723,921","33,221","51,130,590"
2018,강북구,외래,"5,758,585","147,548,138","3,673,711","91,716,202","256,034","6,433,769","1,828,840","49,398,168"
2018,강북구,약국,"3,144,568","77,393,518","2,018,608","48,135,405","132,736","3,370,159","993,224","25,887,954"
2018,도봉구,소계,"9,301,684","372,199,421","6,138,896","236,164,237","582,922","23,406,195","2,579,866","112,628,990"
2018,도봉구,입원,"86,362","137,072,259","53,221","83,814,898","5,605","9,012,507","27,536","44,244,854"
2018,도봉구,외래,"5,946,027","153,420,377","3,915,240","99,675,273","378,141","9,492,503","1,652,646","44,252,602"
2018,도봉구,약국,"3,269,295","81,706,785","2,170,435","52,674,066","199,176","4,901,185","899,684","24,131,534"
2018,노원구,소계,"14,154,465","546,714,852","9,472,662","349,062,401","1,339,380","50,617,687","3,342,423","147,034,765"
2018,노원구,입원,"121,936","195,621,181","75,405","119,831,297","12,047","19,099,598","34,484","56,690,286"
2018,노원구,외래,"9,045,874","232,875,335","6,037,479","152,281,975","860,665","21,519,345","2,147,730","59,074,015"
2018,노원구,약국,"4,986,655","118,218,336","3,359,778","76,949,128","466,668","9,998,744","1,160,209","31,270,464"
2018,은평구,소계,"13,333,107","520,511,324","8,924,301","331,110,823","770,803","29,402,332","3,638,003","159,998,169"
2018,은평구,입원,"111,633","185,247,943","69,301","113,125,800","6,773","10,592,970","35,559","61,529,174"
2018,은평구,외래,"8,582,151","224,123,874","5,729,585","146,160,315","505,221","12,858,776","2,347,345","65,104,784"
2018,은평구,약국,"4,639,323","111,139,507","3,125,415","71,824,708","258,809","5,950,587","1,255,099","33,364,212"
2018,서대문구,소계,"8,331,939","346,584,239","5,588,415","219,767,660","544,295","22,275,108","2,199,229","104,541,471"
2018,서대문구,입원,"74,368","128,104,167","45,586","77,521,572","5,128","8,294,575","23,654","42,288,020"
2018,서대문구,외래,"5,374,438","146,056,171","3,592,826","95,538,931","357,351","9,483,598","1,424,261","41,033,641"
2018,서대문구,약국,"2,883,133","72,423,901","1,950,003","46,707,158","181,816","4,496,934","751,314","21,219,809"
2018,마포구,소계,"9,602,698","375,762,377","6,623,107","243,337,197","582,139","23,650,228","2,397,452","108,774,951"
2018,마포구,입원,"78,752","133,450,964","49,884","83,410,030","5,117","8,567,208","23,751","41,473,726"
2018,마포구,외래,"6,211,969","165,816,523","4,265,711","109,791,920","381,479","10,685,890","1,564,779","45,338,712"
2018,마포구,약국,"3,311,977","76,494,890","2,307,512","50,135,247","195,543","4,397,130","808,922","21,962,513"
2018,양천구,소계,"12,172,388","462,707,420","8,479,108","304,797,362","855,746","32,158,904","2,837,534","125,751,154"
2018,양천구,입원,"104,123","168,596,159","66,582","105,908,551","7,700","12,271,664","29,841","50,415,944"
2018,양천구,외래,"7,837,567","198,606,139","5,445,276","134,795,642","557,980","13,705,268","1,834,311","50,105,229"
2018,양천구,약국,"4,230,698","95,505,122","2,967,250","64,093,169","290,066","6,181,972","973,382","25,229,981"
2018,강서구,소계,"15,824,468","615,360,207","11,196,002","409,944,302","813,251","32,316,036","3,815,215","173,099,869"
2018,강서구,입원,"141,296","224,032,689","92,315","141,984,303","7,766","12,404,440","41,215","69,643,946"
2018,강서구,외래,"10,097,482","267,713,488","7,118,202","183,769,342","526,398","13,680,719","2,452,882","70,263,428"
2018,강서구,약국,"5,585,690","123,614,031","3,985,485","84,190,657","279,087","6,230,878","1,321,118","33,192,496"
2018,구로구,소계,"11,718,483","469,563,940","7,913,360","299,560,059","585,829","24,590,124","3,219,294","145,413,757"
2018,구로구,입원,"115,237","180,555,174","71,491","109,578,659","6,213","9,913,374","37,533","61,063,140"
2018,구로구,외래,"7,455,827","192,600,732","5,026,723","127,459,147","379,414","9,987,785","2,049,690","55,153,800"
2018,구로구,약국,"4,147,419","96,408,035","2,815,146","62,522,253","200,202","4,688,965","1,132,071","29,196,817"
2018,금천구,소계,"6,698,749","273,355,884","4,347,000","167,580,246","263,559","11,013,366","2,088,190","94,762,272"
2018,금천구,입원,"69,390","105,387,493","41,262","61,225,331","2,798","4,309,528","25,330","39,852,634"
2018,금천구,외래,"4,250,879","111,582,682","2,756,993","71,152,924","170,834","4,506,746","1,323,052","35,923,012"
2018,금천구,약국,"2,378,480","56,385,709","1,548,745","35,201,992","89,927","2,197,092","739,808","18,986,626"
2018,영등포구,소계,"10,193,894","424,978,010","6,724,553","259,777,639","598,654","23,899,251","2,870,687","141,301,119"
2018,영등포구,입원,"105,158","163,699,563","62,565","93,590,346","6,189","9,148,967","36,404","60,960,250"
2018,영등포구,외래,"6,541,074","175,773,984","4,304,336","112,560,388","388,449","10,264,866","1,848,289","52,948,731"
2018,영등포구,약국,"3,547,662","85,504,463","2,357,652","53,626,905","204,016","4,485,419","985,994","27,392,139"
2018,동작구,소계,"10,355,669","416,880,061","7,041,584","267,908,335","723,551","29,372,487","2,590,534","119,599,239"
2018,동작구,입원,"98,918","155,131,472","62,353","95,588,491","7,310","11,429,983","29,255","48,112,998"
2018,동작구,외래,"6,750,554","177,738,743","4,571,122","117,312,945","478,063","12,627,276","1,701,369","47,798,522"
2018,동작구,약국,"3,506,197","84,009,846","2,408,109","55,006,899","238,178","5,315,228","859,910","23,687,719"
2018,관악구,소계,"12,810,414","505,614,731","8,453,491","314,256,405","737,480","28,615,129","3,619,443","162,743,196"
2018,관악구,입원,"125,443","184,901,088","75,888","109,123,813","7,542","10,599,743","42,013","65,177,532"
2018,관악구,외래,"8,292,927","219,377,105","5,456,426","140,696,778","485,884","12,457,319","2,350,617","66,223,008"
2018,관악구,약국,"4,392,044","101,336,538","2,921,177","64,435,814","244,054","5,558,067","1,226,813","31,342,656"
2018,서초구,소계,"10,448,860","412,255,334","7,325,360","269,901,300","822,513","31,437,378","2,300,987","110,916,657"
2018,서초구,입원,"94,069","146,221,304","61,057","90,941,933","7,522","11,243,543","25,490","44,035,828"
2018,서초구,외래,"6,906,061","184,420,214","4,813,533","124,549,289","548,483","14,252,866","1,544,045","45,618,059"
2018,서초구,약국,"3,448,730","81,613,817","2,450,770","54,410,078","266,508","5,940,969","731,452","21,262,770"
2018,강남구,소계,"12,762,625","498,899,824","8,768,996","320,895,529","971,816","35,076,063","3,021,813","142,928,233"
2018,강남구,입원,"107,460","171,856,883","67,927","104,215,730","7,757","11,702,497","31,776","55,938,657"
2018,강남구,외래,"8,472,898","227,542,902","5,790,440","151,552,659","652,082","16,435,473","2,030,376","59,554,769"
2018,강남구,약국,"4,182,267","99,500,040","2,910,629","65,127,140","311,977","6,938,093","959,661","27,434,807"
2018,송파구,소계,"17,188,953","637,198,217","12,025,332","421,834,822","1,232,574","45,737,943","3,931,047","169,625,452"
2018,송파구,입원,"136,253","215,969,275","87,859","135,792,935","10,470","16,671,596","37,924","63,504,745"
2018,송파구,외래,"11,156,368","290,167,224","7,766,781","197,593,998","808,735","20,553,825","2,580,852","72,019,401"
2018,송파구,약국,"5,896,332","131,061,718","4,170,692","88,447,890","413,369","8,512,522","1,312,271","34,101,306"
2018,강동구,소계,"11,355,889","450,594,861","7,681,502","287,374,743","747,977","29,041,940","2,926,410","134,178,178"
2018,강동구,입원,"101,915","164,142,803","63,580","99,711,465","6,894","11,001,299","31,441","53,430,039"
2018,강동구,외래,"7,401,306","196,476,831","4,991,460","128,876,884","493,488","12,669,043","1,916,358","54,930,905"
2018,강동구,약국,"3,852,668","89,975,227","2,626,462","58,786,393","247,595","5,371,599","978,611","25,817,234"
2019,합계,합계,"265,232,164","11,388,441,754","178,445,642","7,181,375,412","15,934,211","664,277,579","70,852,311","3,542,788,763"
2019,합계,입원,"2,389,768","4,164,080,267","1,468,709","2,482,946,348","148,413","245,506,599","772,646","1,435,627,319"
2019,합계,외래,"172,741,477","4,957,057,982","115,844,308","3,238,493,295","10,509,444","293,725,551","46,387,725","1,424,839,136"
2019,합계,약국,"90,100,919","2,267,303,505","61,132,625","1,459,935,769","5,276,354","125,045,429","23,691,940","682,322,307"
2019,종로구,소계,"3,875,131","183,234,127","2,372,165","105,567,089","264,890","11,273,625","1,238,076","66,393,414"
2019,종로구,입원,"38,076","70,686,645","21,267","39,031,294","2,607","4,220,241","14,202","27,435,109"
2019,종로구,외래,"2,563,188","76,490,203","1,563,427","45,485,668","175,717","4,849,720","824,044","26,154,816"
2019,종로구,약국,"1,273,867","36,057,279","787,471","21,050,127","86,566","2,203,663","399,830","12,803,489"
2019,중구,소계,"3,583,254","166,339,647","2,259,727","96,693,522","153,730","7,045,704","1,169,797","62,600,421"
2019,중구,입원,"35,545","63,447,432","19,747","34,455,848","1,693","2,847,938","14,105","26,143,646"
2019,중구,외래,"2,348,252","70,728,294","1,476,674","43,111,123","101,643","2,932,287","769,935","24,684,884"
2019,중구,약국,"1,199,457","32,163,921","763,306","19,126,551","50,394","1,265,478","385,757","11,771,891"
2019,용산구,소계,"5,741,462","268,697,137","3,709,579","158,777,240","360,351","16,300,793","1,671,532","93,619,104"
2019,용산구,입원,"56,256","103,603,653","32,285","55,925,536","3,783","6,408,671","20,188","41,269,447"
2019,용산구,외래,"3,784,332","113,126,627","2,438,013","71,110,373","241,466","6,958,532","1,104,853","35,057,723"
2019,용산구,약국,"1,900,874","51,966,857","1,239,281","31,741,331","115,102","2,933,591","546,491","17,291,934"
2019,성동구,소계,"8,452,244","358,048,394","5,760,040","229,474,585","430,317","17,814,279","2,261,887","110,759,530"
2019,성동구,입원,"76,705","131,262,512","48,492","80,125,778","4,020","6,412,473","24,193","44,724,261"
2019,성동구,외래,"5,490,614","155,687,716","3,727,197","103,344,086","282,969","7,863,411","1,480,448","44,480,219"
2019,성동구,약국,"2,884,925","71,098,167","1,984,351","46,004,721","143,328","3,538,395","757,246","21,555,050"
2019,광진구,소계,"9,524,067","392,418,182","6,347,293","244,745,743","483,987","19,359,427","2,692,787","128,313,012"
2019,광진구,입원,"77,312","137,464,730","46,551","79,752,994","4,623","6,997,067","26,138","50,714,668"
2019,광진구,외래,"6,169,768","176,528,448","4,099,997","114,946,996","317,122","8,703,618","1,752,649","52,877,834"
2019,광진구,약국,"3,276,987","78,425,005","2,200,745","50,045,753","162,242","3,658,743","914,000","24,720,509"
2019,동대문구,소계,"9,620,716","429,013,469","6,245,857","261,473,998","502,149","22,620,729","2,872,710","144,918,742"
2019,동대문구,입원,"93,495","166,096,336","56,195","96,054,817","5,166","8,900,581","32,134","61,140,937"
2019,동대문구,외래,"6,253,302","177,801,207","4,050,128","112,464,557","332,271","9,565,862","1,870,903","55,770,789"
2019,동대문구,약국,"3,273,919","85,115,926","2,139,534","52,954,624","164,712","4,154,286","969,673","28,007,016"
2019,중랑구,소계,"11,617,040","504,732,942","7,533,286","309,483,830","516,176","23,551,955","3,567,578","171,697,156"
2019,중랑구,입원,"108,939","192,886,702","65,376","113,238,569","5,322","9,552,659","38,241","70,095,475"
2019,중랑구,외래,"7,510,123","212,001,661","4,860,532","133,846,835","339,164","9,702,459","2,310,427","68,452,366"
2019,중랑구,약국,"3,997,978","99,844,579","2,607,378","62,398,427","171,690","4,296,837","1,218,910","33,149,315"
2019,성북구,소계,"12,156,343","521,146,843","8,006,822","321,459,899","747,268","32,351,330","3,402,253","167,335,614"
2019,성북구,입원,"111,115","191,199,397","67,308","111,627,635","7,475","12,505,917","36,332","67,065,845"
2019,성북구,외래,"7,888,836","222,516,162","5,180,042","141,822,296","491,216","13,806,027","2,217,578","66,887,839"
2019,성북구,약국,"4,156,392","107,431,284","2,759,472","68,009,968","248,577","6,039,386","1,148,343","33,381,930"
2019,강북구,소계,"9,092,110","397,188,027","5,797,837","238,764,045","389,787","16,909,149","2,904,486","141,514,834"
2019,강북구,입원,"88,031","149,120,377","50,938","84,849,191","3,800","6,712,538","33,293","57,558,647"
2019,강북구,외래,"5,888,992","166,049,866","3,750,208","103,078,778","255,982","6,830,494","1,882,802","56,140,594"
2019,강북구,약국,"3,115,087","82,017,784","1,996,691","50,836,075","130,005","3,366,116","988,391","27,815,593"
2019,도봉구,소계,"9,357,284","410,868,408","6,162,655","256,417,645","559,896","24,705,874","2,634,733","129,744,889"
2019,도봉구,입원,"87,867","152,297,550","52,880","90,407,734","5,342","9,751,670","29,645","52,138,145"
2019,도봉구,외래,"6,047,867","171,849,930","3,973,825","110,510,183","366,815","10,035,191","1,707,227","51,304,556"
2019,도봉구,약국,"3,221,550","86,720,929","2,135,950","55,499,728","187,739","4,919,013","897,861","26,302,188"
2019,노원구,소계,"14,368,358","596,795,137","9,618,769","380,535,249","1,327,257","50,652,945","3,422,332","165,606,943"
2019,노원구,입원,"121,075","208,525,743","74,898","127,884,940","11,406","17,273,881","34,771","63,366,923"
2019,노원구,외래,"9,293,997","262,365,398","6,203,211","170,752,056","862,528","23,341,336","2,228,258","68,272,006"
2019,노원구,약국,"4,953,286","125,903,995","3,340,660","81,898,254","453,323","10,037,729","1,159,303","33,968,013"
2019,은평구,소계,"13,633,400","577,790,315","9,144,320","366,490,715","758,587","32,213,630","3,730,493","179,085,970"
2019,은평구,입원,"113,008","204,724,656","70,119","124,434,057","6,596","11,976,993","36,293","68,313,605"
2019,은평구,외래,"8,835,574","252,695,419","5,907,806","164,570,044","498,924","14,016,838","2,428,844","74,108,538"
2019,은평구,약국,"4,684,818","120,370,240","3,166,395","77,486,614","253,067","6,219,800","1,265,356","36,663,827"
2019,서대문구,소계,"8,531,450","373,442,413","5,749,549","237,208,320","537,749","22,832,008","2,244,152","113,402,086"
2019,서대문구,입원,"74,232","134,414,598","45,711","81,418,449","4,653","8,253,675","23,868","44,742,474"
2019,서대문구,외래,"5,550,100","161,613,160","3,728,902","105,805,289","353,770","10,038,587","1,467,428","45,769,284"
2019,서대문구,약국,"2,907,118","77,414,655","1,974,936","49,984,582","179,326","4,539,745","752,856","22,890,327"
2019,마포구,소계,"9,902,389","413,335,027","6,845,158","266,813,346","580,334","25,168,330","2,476,897","121,353,350"
2019,마포구,입원,"79,556","143,652,472","50,469","88,316,687","5,136","9,147,206","23,951","46,188,578"
2019,마포구,외래,"6,478,408","187,416,502","4,459,194","124,584,629","383,350","11,521,218","1,635,864","51,310,656"
2019,마포구,약국,"3,344,425","82,266,053","2,335,495","53,912,030","191,848","4,499,907","817,082","23,854,116"
2019,양천구,소계,"12,492,093","516,540,124","8,711,793","338,421,044","855,327","33,733,466","2,924,973","144,385,614"
2019,양천구,입원,"107,057","188,723,356","68,532","117,706,822","7,395","12,098,124","31,130","58,918,411"
2019,양천구,외래,"8,133,964","224,944,912","5,656,439","151,868,885","563,572","15,170,809","1,913,953","57,905,218"
2019,양천구,약국,"4,251,072","102,871,857","2,986,822","68,845,338","284,360","6,464,534","979,890","27,561,985"
2019,강서구,소계,"16,102,242","680,220,990","11,392,480","452,542,598","805,505","33,423,881","3,904,257","194,254,511"
2019,강서구,입원,"141,063","246,614,073","90,872","155,456,669","7,752","12,325,829","42,439","78,831,575"
2019,강서구,외래,"10,401,933","300,403,505","7,336,972","206,767,482","526,010","14,729,289","2,538,951","78,906,734"
2019,강서구,약국,"5,559,246","133,203,412","3,964,636","90,318,447","271,743","6,368,763","1,322,867","36,516,203"
2019,구로구,소계,"12,078,557","525,883,875","8,150,451","333,732,759","582,124","25,614,970","3,345,982","166,536,147"
2019,구로구,입원,"118,611","202,607,979","73,516","122,037,697","6,128","9,988,044","38,967","70,582,239"
2019,구로구,외래,"7,741,252","218,925,034","5,214,519","144,215,101","379,411","10,714,990","2,147,322","63,994,943"
2019,구로구,약국,"4,218,694","104,350,861","2,862,416","67,479,962","196,585","4,911,936","1,159,693","31,958,964"
2019,금천구,소계,"6,872,124","309,628,912","4,473,350","189,208,460","259,533","12,047,156","2,139,241","108,373,296"
2019,금천구,입원,"70,761","122,481,840","42,005","70,882,841","2,762","5,033,227","25,994","46,565,772"
2019,금천구,외래,"4,384,145","126,315,103","2,855,128","80,529,320","168,077","4,680,183","1,360,940","41,105,600"
2019,금천구,약국,"2,417,218","60,831,969","1,576,217","37,796,298","88,694","2,333,747","752,307","20,701,924"
2019,영등포구,소계,"10,592,689","482,180,636","6,993,822","295,939,468","613,513","26,063,030","2,985,354","160,178,139"
2019,영등포구,입원,"107,303","190,184,100","63,609","109,904,875","6,088","10,002,569","37,606","70,276,656"
2019,영등포구,외래,"6,860,675","200,033,246","4,519,178","128,382,339","401,761","11,447,375","1,939,736","60,203,532"
2019,영등포구,약국,"3,624,711","91,963,290","2,411,035","57,652,254","205,664","4,613,086","1,008,012","29,697,951"
2019,동작구,소계,"10,630,099","466,574,752","7,242,345","298,248,132","708,389","30,646,227","2,679,365","137,680,393"
2019,동작구,입원,"102,516","177,121,560","64,612","107,862,135","7,259","11,761,912","30,645","57,497,514"
2019,동작구,외래,"6,976,906","199,051,212","4,733,922","131,583,751","470,820","13,482,133","1,772,164","53,985,328"
2019,동작구,약국,"3,550,677","90,401,980","2,443,811","58,802,246","230,310","5,402,183","876,556","26,197,552"
2019,관악구,소계,"13,075,786","566,923,702","8,628,740","352,379,946","723,173","30,376,838","3,723,873","184,166,918"
2019,관악구,입원,"126,002","211,416,371","75,923","124,075,376","7,403","11,285,649","42,676","76,055,346"
2019,관악구,외래,"8,525,969","245,979,021","5,612,448","158,728,341","478,668","13,245,649","2,434,853","74,005,030"
2019,관악구,약국,"4,423,815","109,528,310","2,940,369","69,576,229","237,102","5,845,540","1,246,344","34,106,542"
2019,서초구,소계,"10,698,090","448,325,607","7,473,740","291,034,907","802,891","31,771,862","2,421,459","125,518,837"
2019,서초구,입원,"91,718","152,207,056","58,128","92,167,995","6,914","10,604,223","26,676","49,434,838"
2019,서초구,외래,"7,104,726","208,111,771","4,933,165","140,725,888","537,321","15,087,028","1,634,240","52,298,856"
2019,서초구,약국,"3,501,646","88,006,779","2,482,447","58,141,023","258,656","6,080,612","760,543","23,785,144"
2019,강남구,소계,"13,208,359","555,011,681","9,054,641","352,762,194","954,133","36,732,050","3,199,585","165,517,437"
2019,강남구,입원,"110,964","186,370,739","69,888","110,868,461","7,188","11,832,660","33,888","63,669,618"
2019,강남구,외래,"8,794,741","260,032,080","5,990,965","171,461,400","642,675","17,969,852","2,161,101","70,600,828"
2019,강남구,약국,"4,302,654","108,608,863","2,993,788","70,432,333","304,270","6,929,539","1,004,596","31,246,990"
2019,송파구,소계,"18,017,185","720,725,602","12,601,903","471,847,774","1,246,946","48,970,502","4,168,336","199,907,326"
2019,송파구,입원,"143,601","241,097,517","91,058","148,119,567","10,680","17,641,534","41,863","75,336,416"
2019,송파구,외래,"11,794,789","336,781,543","8,206,686","227,793,261","823,762","22,474,214","2,764,341","86,514,068"
2019,송파구,약국,"6,078,795","142,846,542","4,304,159","95,934,946","412,504","8,854,753","1,362,132","38,056,842"
2019,강동구,소계,"12,009,692","523,375,806","8,169,320","331,352,904","770,199","32,097,821","3,070,173","159,925,081"
2019,강동구,입원,"108,960","195,872,874","68,330","116,340,380","7,222","11,971,321","33,408","67,561,173"
2019,강동구,외래,"7,919,024","229,609,962","5,365,730","151,004,616","514,430","14,558,450","2,038,864","64,046,897"
2019,강동구,약국,"3,981,708","97,892,969","2,735,260","64,007,908","248,547","5,568,050","997,901","28,317,011"
2020,합계,합계,"228,657,858","11,472,589,638","152,673,749","7,231,810,694","13,109,781","646,712,586","62,874,328","3,594,066,359"
2020,합계,입원,"2,410,245","4,259,824,899","1,481,486","2,549,501,991","142,668","243,225,096","786,091","1,467,097,812"
2020,합계,외래,"150,961,258","4,956,212,450","100,791,683","3,239,224,876","8,802,425","285,193,845","41,367,150","1,431,793,729"
2020,합계,약국,"75,286,355","2,256,552,289","50,400,580","1,443,083,826","4,164,688","118,293,646","20,721,087","695,174,818"
2020,종로구,소계,"3,340,892","182,764,432","2,035,341","105,075,576","212,870","10,621,936","1,092,681","67,066,920"
2020,종로구,입원,"37,686","70,298,133","20,747","38,087,750","2,254","3,909,971","14,685","28,300,413"
2020,종로구,외래,"2,230,279","76,515,706","1,360,648","46,111,243","143,868","4,668,010","725,763","25,736,454"
2020,종로구,약국,"1,072,927","35,950,593","653,946","20,876,584","66,748","2,043,956","352,233","13,030,053"
2020,중구,소계,"3,126,435","171,925,444","1,953,417","100,016,619","127,637","6,556,013","1,045,381","65,352,811"
2020,중구,입원,"35,918","67,793,548","20,404","37,223,903","1,515","2,501,767","13,999","28,067,879"
2020,중구,외래,"2,084,306","71,778,887","1,304,565","43,772,022","85,909","2,842,106","693,832","25,164,759"
2020,중구,약국,"1,006,211","32,353,009","628,448","19,020,695","40,213","1,212,140","337,550","12,120,174"
2020,용산구,소계,"5,027,431","273,323,929","3,230,926","162,932,637","304,279","15,700,473","1,492,226","94,690,820"
2020,용산구,입원,"55,246","106,165,291","31,781","58,576,470","3,414","5,884,978","20,051","41,703,843"
2020,용산구,외래,"3,363,554","115,078,373","2,163,647","72,661,626","208,249","6,986,883","991,658","35,429,864"
2020,용산구,약국,"1,608,631","52,080,265","1,035,498","31,694,540","92,616","2,828,613","480,517","17,557,112"
2020,성동구,소계,"7,163,569","352,832,316","4,828,594","226,490,364","353,908","17,068,980","1,981,067","109,272,971"
2020,성동구,입원,"72,807","131,885,735","45,818","80,708,158","3,685","6,330,426","23,304","44,847,151"
2020,성동구,외래,"4,724,531","152,006,966","3,183,750","101,390,280","236,671","7,443,400","1,304,110","43,173,286"
2020,성동구,약국,"2,366,231","68,939,615","1,599,026","44,391,927","113,552","3,295,155","653,653","21,252,534"
2020,광진구,소계,"8,190,288","392,859,516","5,418,761","246,103,042","400,098","18,992,489","2,371,429","127,763,986"
2020,광진구,입원,"75,569","140,679,940","45,449","83,463,648","4,436","6,981,215","25,684","50,235,078"
2020,광진구,외래,"5,372,406","173,857,494","3,559,375","113,327,358","266,457","8,386,082","1,546,574","52,144,054"
2020,광진구,약국,"2,742,313","78,322,082","1,813,937","49,312,035","129,205","3,625,193","799,171","25,384,854"
2020,동대문구,소계,"8,287,227","430,115,121","5,331,276","263,241,241","424,905","21,975,519","2,531,046","144,898,361"
2020,동대문구,입원,"90,217","168,810,213","54,772","99,929,475","4,827","8,595,365","30,618","60,285,373"
2020,동대문구,외래,"5,453,962","176,525,879","3,507,980","111,063,368","285,857","9,428,043","1,660,125","56,034,467"
2020,동대문구,약국,"2,743,048","84,779,029","1,768,524","52,248,397","134,221","3,952,111","840,303","28,578,520"
2020,중랑구,소계,"10,157,418","505,355,577","6,548,286","310,765,770","433,397","21,822,990","3,175,735","172,766,817"
2020,중랑구,입원,"103,370","190,965,900","62,119","112,910,238","4,642","8,068,768","36,609","69,986,894"
2020,중랑구,외래,"6,624,609","213,358,767","4,273,172","134,905,157","286,088","9,465,565","2,065,349","68,988,045"
2020,중랑구,약국,"3,429,439","101,030,911","2,212,995","62,950,375","142,667","4,288,657","1,073,777","33,791,879"
2020,성북구,소계,"10,362,802","519,967,464","6,763,410","324,458,114","611,195","30,300,789","2,988,197","165,208,561"
2020,성북구,입원,"107,450","194,663,056","65,542","117,264,049","6,681","11,691,876","35,227","65,707,131"
2020,성북구,외래,"6,795,239","219,141,782","4,433,492","140,411,455","407,850","12,962,961","1,953,897","65,767,367"
2020,성북구,약국,"3,460,113","106,162,626","2,264,376","66,782,611","196,664","5,645,952","999,073","33,734,064"
2020,강북구,소계,"7,853,068","399,210,001","4,989,502","239,916,208","325,995","16,074,192","2,537,571","143,219,601"
2020,강북구,입원,"84,375","153,796,257","48,345","87,434,667","3,777","6,128,651","32,253","60,232,939"
2020,강북구,외래,"5,127,250","163,532,048","3,259,355","101,715,686","215,965","6,683,537","1,651,930","55,132,826"
2020,강북구,약국,"2,641,443","81,881,696","1,681,802","50,765,856","106,253","3,262,005","853,388","27,853,836"
2020,도봉구,소계,"8,032,505","408,743,830","5,258,863","253,738,528","456,591","23,250,070","2,317,051","131,755,233"
2020,도봉구,입원,"83,483","154,912,094","49,679","90,917,215","4,976","9,328,433","28,828","54,666,446"
2020,도봉구,외래,"5,240,318","167,332,283","3,432,021","107,756,857","302,110","9,263,254","1,506,187","50,312,172"
2020,도봉구,약국,"2,708,704","86,499,454","1,777,163","55,064,455","149,505","4,658,383","782,036","26,776,615"
2020,노원구,소계,"12,133,929","598,619,778","8,105,047","382,289,040","1,051,649","48,716,559","2,977,233","167,614,179"
2020,노원구,입원,"116,949","218,268,445","71,913","134,366,754","10,360","17,823,634","34,676","66,078,058"
2020,노원구,외래,"7,952,890","256,176,598","5,307,523","167,218,709","697,885","21,689,551","1,947,482","67,268,338"
2020,노원구,약국,"4,064,090","124,174,735","2,725,611","80,703,576","343,404","9,203,375","995,075","34,267,783"
2020,은평구,소계,"11,972,815","599,424,615","7,981,606","379,023,822","659,704","33,467,249","3,331,505","186,933,545"
2020,은평구,입원,"119,054","219,566,770","73,509","132,794,529","7,184","13,075,112","38,361","73,697,129"
2020,은평구,외래,"7,862,933","257,829,921","5,241,789","167,892,662","441,730","14,350,712","2,179,414","75,586,547"
2020,은평구,약국,"3,990,828","122,027,924","2,666,308","78,336,631","210,790","6,041,426","1,113,730","37,649,868"
2020,서대문구,소계,"7,528,999","380,372,649","5,048,126","241,095,488","463,348","22,802,640","2,017,525","116,474,521"
2020,서대문구,입원,"75,973","139,374,074","46,441","84,299,250","4,829","8,198,034","24,703","46,876,790"
2020,서대문구,외래,"4,969,775","163,312,245","3,331,044","106,690,325","310,488","10,223,496","1,328,243","46,398,424"
2020,서대문구,약국,"2,483,251","77,686,330","1,670,641","50,105,913","148,031","4,381,110","664,579","23,199,307"
2020,마포구,소계,"8,401,856","415,963,287","5,742,345","267,068,529","476,814","24,453,528","2,182,697","124,441,230"
2020,마포구,입원,"82,251","149,523,632","51,190","91,669,231","5,157","8,936,103","25,904","48,918,298"
2020,마포구,외래,"5,582,644","185,769,643","3,813,584","123,085,998","322,023","11,289,592","1,447,037","51,394,052"
2020,마포구,약국,"2,736,961","80,670,013","1,877,571","52,313,300","149,634","4,227,832","709,756","24,128,880"
2020,양천구,소계,"10,667,600","519,968,913","7,388,505","340,264,594","697,953","33,920,997","2,581,142","145,783,322"
2020,양천구,입원,"126,991","194,531,171","81,413","121,768,716","8,477","12,974,574","37,101","59,787,881"
2020,양천구,외래,"7,046,489","224,013,912","4,877,726","150,774,052","468,786","14,985,118","1,699,977","58,254,743"
2020,양천구,약국,"3,494,120","101,423,830","2,429,366","67,721,826","220,690","5,961,305","844,064","27,740,699"
2020,강서구,소계,"13,626,694","678,542,336","9,527,954","448,071,840","645,710","31,360,970","3,453,030","199,109,526"
2020,강서구,입원,"169,787","251,233,691","109,338","157,028,320","8,482","11,681,796","51,967","82,523,576"
2020,강서구,외래,"8,927,076","296,112,482","6,240,107","203,058,643","429,143","13,773,641","2,257,826","79,280,198"
2020,강서구,약국,"4,529,831","131,196,162","3,178,509","87,984,877","208,085","5,905,532","1,143,237","37,305,753"
2020,구로구,소계,"10,503,979","536,882,924","7,018,459","339,902,423","490,696","25,938,610","2,994,824","171,041,891"
2020,구로구,입원,"120,282","209,778,744","75,297","127,313,238","5,964","10,253,895","39,021","72,211,611"
2020,구로구,외래,"6,829,739","222,085,892","4,569,135","145,443,756","323,876","10,873,749","1,936,728","65,768,387"
2020,구로구,약국,"3,553,958","105,018,288","2,374,027","67,145,429","160,856","4,810,965","1,019,075","33,061,894"
2020,금천구,소계,"5,954,344","314,155,056","3,841,490","189,496,372","208,846","11,702,232","1,904,008","112,956,453"
2020,금천구,입원,"68,354","126,413,778","39,698","70,862,896","2,494","5,128,582","26,162","50,422,300"
2020,금천구,외래,"3,832,978","126,721,138","2,480,577","81,018,033","136,734","4,416,674","1,215,667","41,286,431"
2020,금천구,약국,"2,053,012","61,020,141","1,321,215","37,615,443","69,618","2,156,976","662,179","21,247,722"
2020,영등포구,소계,"9,337,700","491,203,819","6,160,714","301,971,521","514,186","27,572,160","2,662,800","161,660,137"
2020,영등포구,입원,"110,554","192,520,848","66,941","111,167,434","6,368","11,331,416","37,245","70,021,997"
2020,영등포구,외래,"6,141,671","205,685,004","4,056,143","132,912,884","344,359","11,709,941","1,741,169","61,062,179"
2020,영등포구,약국,"3,085,475","92,997,967","2,037,630","57,891,203","163,459","4,530,803","884,386","30,575,961"
2020,동작구,소계,"9,139,596","462,701,480","6,171,426","293,869,015","575,568","29,574,180","2,392,602","139,258,286"
2020,동작구,입원,"95,354","173,223,420","59,384","104,092,201","6,256","11,580,912","29,714","57,550,308"
2020,동작구,외래,"6,086,861","200,103,343","4,107,481","132,099,298","389,628","12,858,282","1,589,752","55,145,763"
2020,동작구,약국,"2,957,381","89,374,717","2,004,561","57,677,517","179,684","5,134,986","773,136","26,562,215"
2020,관악구,소계,"11,340,409","569,590,182","7,435,881","354,062,557","588,370","29,687,076","3,316,158","185,840,549"
2020,관악구,입원,"120,533","213,874,721","72,479","126,143,386","6,348","11,426,954","41,706","76,304,381"
2020,관악구,외래,"7,481,198","247,234,724","4,903,134","159,091,445","395,132","12,829,395","2,182,932","75,313,885"
2020,관악구,약국,"3,738,678","108,480,737","2,460,268","68,827,726","186,890","5,430,728","1,091,520","34,222,283"
2020,서초구,소계,"9,045,831","446,226,614","6,261,799","288,082,913","641,808","29,636,762","2,142,224","128,506,939"
2020,서초구,입원,"90,722","153,967,847","58,452","92,710,193","5,949","9,957,030","26,321","51,300,624"
2020,서초구,외래,"6,145,656","207,188,823","4,245,933","139,956,466","441,588","14,269,702","1,458,135","52,962,655"
2020,서초구,약국,"2,809,453","85,069,945","1,957,414","55,416,254","194,271","5,410,029","657,768","24,243,661"
2020,강남구,소계,"11,225,500","553,733,340","7,603,641","350,116,689","767,174","35,268,591","2,854,685","168,348,060"
2020,강남구,입원,"113,084","190,429,463","69,778","113,067,024","7,192","11,575,475","36,114","65,786,965"
2020,강남구,외래,"7,601,084","257,042,499","5,138,112","168,980,083","528,337","17,233,792","1,934,635","70,828,624"
2020,강남구,약국,"3,511,332","106,261,378","2,395,751","68,069,582","231,645","6,459,325","883,936","31,732,472"
2020,송파구,소계,"15,334,191","722,361,940","10,606,840","471,511,828","1,005,949","46,114,552","3,721,402","204,735,560"
2020,송파구,입원,"144,030","245,630,162","90,638","151,263,389","9,992","16,544,317","43,400","77,822,456"
2020,송파구,외래,"10,206,670","335,483,065","7,052,080","226,814,784","678,126","21,328,210","2,476,464","87,340,072"
2020,송파구,약국,"4,983,491","141,248,713","3,464,122","93,433,655","317,831","8,242,026","1,201,538","39,573,032"
2020,강동구,소계,"10,902,780","545,745,076","7,421,540","352,245,967","671,131","34,133,030","2,810,109","159,366,078"
2020,강동구,입원,"110,206","201,517,966","70,359","124,439,860","7,409","13,315,814","32,438","63,762,292"
2020,강동구,외래,"7,277,140","242,324,976","4,949,310","161,072,687","455,566","15,232,151","1,872,264","66,020,138"
2020,강동구,약국,"3,515,434","101,902,134","2,401,871","66,733,421","208,156","5,585,065","905,407","29,583,648"
